{
    "$schema": "https://schema.management.azure.com/schemas/2019-04-01/deploymentTemplate.json#",
    "contentVersion": "1.0.0.0",
    "parameters": {
        "storageAccountPrefix": {
            "type": "string",
            "metadata": {
                "description": "Assign a prefix for the Storage account"
            }
        },
        "storageAccountType": {
            "type": "string",
            "metadata": {
                "description": "Assign Storage account type"
            }
        },
        "vmNamePrefix": {
            "type": "string",
            "metadata": {
                "description": "Assign a prefix for the VM name"
            }
        },
        "location": {
            "type": "string",
            "defaultValue": "[resourceGroup().location]",
            "metadata": {
                "description": "Select the Azure region for the resources"
            }
        },
        "vmSize": {
            "type": "string",
            "metadata": {
                "description": "Select the VM size"
            }
        },
        "userName": {
            "type": "string",
            "defaultValue": "azureadmin",
            "metadata": {
                "description": "Specify the OS username"
            }
        },
        "pwd": {
            "type": "securestring",
            "metadata": {
                "description": "If Windows, specify the password for the OS username"
            }
        },

        "webAppName": {
            "type": "string",
            "metadata": {
                "description": "Assign Storage account type"
            }
        },
     "sku": {
      "type": "string",
      "defaultValue": "B1"
    }

    },
    "variables": {
        "publicIPAddressName": "[concat(parameters('vmNamePrefix'), 'IP')]",
        "nicName": "[concat(parameters('vmNamePrefix'), 'nic')]",
        "vmVNetName": "vmVNet",
        "subnetName": "subnet1",
        "osType": {
            "imageOffer": "UbuntuServer",
            "imageSku": "18.04-LTS",
            "imagePublisher": "Canonical"
        },
        "storageName": "[concat(parameters('storageAccountPrefix'), uniqueString(resourceGroup().id))]",
        "appServicePlanPortalName": "[concat('AppServicePlan-', parameters('webAppName'))]",
        "artifacts":   "[uri(deployment().properties.templateLink.uri, 'artifacts/webpackage.zip')]"

  


    },
    "resources": [
        {
            "type": "Microsoft.Network/virtualNetworks",
            "apiVersion": "2019-11-01",
            "name": "[variables('vmVNetName')]",
            "location": "[parameters('location')]",
            "dependsOn": [
                "[resourceId('Microsoft.Network/networkSecurityGroups/', 'NSG')]"
            ],
            "properties": {
                "addressSpace": {
                    "addressPrefixes": [
                        "10.0.0.0/16"
                    ]
                },
                "subnets": [
                    {
                        "name": "[variables('subnetName')]",
                        "properties": {
                            "addressPrefix": "10.0.0.0/24",
                            "networkSecurityGroup": {
                                "id": "[resourceId('Microsoft.Network/networkSecurityGroups/', 'NSG')]"
                            }
                        }
                    }
                ]
            }
        },
        {
            "type": "Microsoft.Network/networkSecurityGroups",
            "apiVersion": "2019-11-01",
            "name": "NSG",
            "location": "[parameters('location')]",
            "properties": {
                "securityRules": [
                    {
                        "name": "RDP",
                        "properties": {
                            "access": "Allow",
                            "description": "Inbound RDP rule",
                            "direction": "Inbound",
                            "destinationAddressPrefix": "*",
                            "protocol": "Tcp",
                            "destinationPortRange": 3389,
                            "sourcePortRange": "*",
                            "priority": 500,
                            "sourceAddressPrefix": "*"
                        }
                    },
                    {
                        "name": "HTTP",
                        "properties": {
                            "access": "Allow",
                            "description": "Inbound HTTP rule",
                            "direction": "Inbound",
                            "destinationAddressPrefix": "*",
                            "protocol": "Tcp",
                            "destinationPortRange": 80,
                            "sourcePortRange": "*",
                            "priority": 550,
                            "sourceAddressPrefix": "*"
                        }
                    }
                ]
            }
        },
        {
            "type": "Microsoft.Network/publicIPAddresses",
            "apiVersion": "2019-11-01",
            "name": "[variables('publicIPAddressName')]",
            "location": "[parameters('location')]",
            "properties": {
                "publicIPallocationmethod": "Dynamic"
            }
        },
        {
            "type": "Microsoft.Network/networkInterfaces",
            "apiVersion": "2019-11-01",
            "name": "[variables('nicName')]",
            "location": "[parameters('location')]",
            "dependsOn": [
                "[resourceId('Microsoft.Network/publicIPAddresses/', variables('publicIPAddressName'))]",
                "[resourceId('Microsoft.Network/virtualNetworks/', variables('vmVNetName'))]"
            ],
            "properties": {
                "ipConfigurations": [
                    {
                        "name": "ipconfig1",
                        "properties": {
                            "privateIPAllocationMethod": "Dynamic",
                            "publicIPAddress": {
                                "id": "[resourceId('Microsoft.Network/publicIPAddresses', variables('publicIPAddressName'))]"
                            },
                            "subnet": {
                                "id": "[resourceId('Microsoft.Network/virtualNetworks/subnets/', variables('vmVNetName'), variables('subnetName'))]"
                            }
                        }
                    }
                ]
            }
        },
        {
            "type": "Microsoft.Compute/virtualMachines",
            "apiVersion": "2019-07-01",
            "name": "[concat(parameters('vmNamePrefix'), '-vm')]",
            "location": "[parameters('location')]",
            "dependsOn": [
                "[resourceId('Microsoft.Network/networkinterfaces/', variables('nicName'))]"
            ],
            "properties": {
                "hardwareProfile": {
                    "vmsize": "[parameters('vmSize')]"
                },
                "osProfile": {
                    "computername": "[concat(parameters('vmNamePrefix'), '-app')]",
                    "adminusername": "[parameters('username')]",
                    "adminpassword": "[parameters('pwd')]"
                },
                "storageProfile": {
                    "imageReference": {
                        "publisher": "[variables('osType').imagePublisher]",
                        "offer": "[variables('osType').imageOffer]",
                        "version": "latest",
                        "sku": "[variables('osType').imageSku]"
                    },
                    "osdisk": {
                        "name": "[concat(parameters('vmNamePrefix'), '-osDisk')]",
                        "createOption": "FromImage",
                        "managedDisk": {
                            "storageAccountType": "Standard_LRS"
                        },
                        "caching": "ReadWrite"
                    }
                },
                "networkprofile": {
                    "networkinterfaces": [
                        {
                            "id": "[resourceId('Microsoft.Network/networkinterfaces', variables('nicName'))]"
                        }
                    ]
                }
            }
        },
        {
            "type": "Microsoft.Storage/storageAccounts",
            "name": "[variables('storageName')]",
            "apiVersion": "2019-06-01",
            "location": "[parameters('location')]",
            "sku": {
                "name": "[parameters('storageAccountType')]"
            },
            "kind": "Storage",
            "properties": {
                "allowBlobPublicAccess": true
            }
        },

      {
            "type": "Microsoft.Web/serverfarms",
            "apiVersion": "2020-06-01",
            "name": "[variables('appServicePlanPortalName')]",
            "location": "[parameters('location')]",
            "sku": {
              "name": "[parameters('sku')]"
            }
          },
          {
            "type": "Microsoft.Web/sites",
            "apiVersion": "2020-06-01",
            "kind": "app",
            "name": "[parameters('webAppName')]",
            "location": "[parameters('location')]",
            "dependsOn": [
              "[resourceId('Microsoft.Web/serverfarms', variables('appServicePlanPortalName'))]"
            ],
            "properties": {
              "serverFarmId": "[resourceId('Microsoft.Web/serverfarms', variables('appServicePlanPortalName'))]",
              "siteConfig": {
                  "appSettings": [
                    {
                        "name": "WEBSITE_RUN_FROM_PACKAGE",
                          "value": "[variables('artifacts')]"
                    }
                  ]
              }
            }

    }

    ],
    "outputs": {

    }
}
