{
    "$schema": "http://schema.management.azure.com/schemas/2015-01-01/deploymentTemplate.json#",
    "contentVersion": "1.0.0.0",
    "parameters": {
        "webAppName": {
            "type": "string",
            "metadata": {
                "description": "Assign Storage account type"
            }
        },
        "location": {
            "type": "string",
            "defaultValue": "[resourceGroup().location]",
            "metadata": {
                "description": "Location for the resources."
            }
        },
     "sku": {
      "type": "string",
      "defaultValue": "B1"
    }

  },
  "variables": {
    "appServicePlanPortalName": "[concat('AppServicePlan-', parameters('webAppName'))]",
    "artifacts":   "[uri(deployment().properties.templateLink.uri, 'artifacts/webpackage.zip')]"

  },
  "resources": [
    {
      "type": "Microsoft.Web/serverfarms",
      "apiVersion": "2020-06-01",
      "name": "[variables('appServicePlanPortalName')]",
      "location": "[parameters('location')]",
      "sku": {
        "name": "[parameters('sku')]"
      }
    },
    {
      "type": "Microsoft.Web/sites",
      "apiVersion": "2020-06-01",
      "kind": "app",
      "name": "[parameters('webAppName')]",
      "location": "[parameters('location')]",
      "dependsOn": [
        "[resourceId('Microsoft.Web/serverfarms', variables('appServicePlanPortalName'))]"
      ],
      "properties": {
        "serverFarmId": "[resourceId('Microsoft.Web/serverfarms', variables('appServicePlanPortalName'))]",
        "siteConfig": {
            "appSettings": [
               {
                   "name": "WEBSITE_RUN_FROM_PACKAGE",
                    "value": "[variables('artifacts')]"
               }
            ]
        }
      }

    }
  ]
}